<?xml version="1.0" encoding="UTF-8"?>
<component name="SeasonRowListComponent" extends="Group" xmlns:xsi="http://www.w3.org/2001/XMLSchema-instance" xsi:schemaLocation="https://devtools.web.roku.com/schema/RokuSceneGraph.xsd">

	<script type="text/brightscript" uri="pkg:/components/SeasonRowListComponent.brs" />
	
	<children >


    </children>
	
	<interface > 
        <field id = "itemContent" type = "node" onChange = "showcontent" />
        <field id = "focusPercent" type = "float" onChange = "showfocus" /> 
        <field id = "rowFocusPercent" type = "float" onChange = "showrowfocus" />
    </interface>
</component>
