<?xml version="1.0" encoding="UTF-8"?>
<component name="VideoDescriptionPanel" extends="Panel" xmlns:xsi="http://www.w3.org/2001/XMLSchema-instance" xsi:schemaLocation="https://devtools.web.roku.com/schema/RokuSceneGraph.xsd">

	<script type="text/brightscript" uri="pkg:/components/VideoDescriptionPanel.brs" />
	<children>
	</children>
	<interface>
	   <field id="nPanel" type="node" />
       <field id="dialog" type="node" />
       <field id="panelSet" type="node" />
       <field id="updateFocus" type="bool" />
       
	   <field id="itemUri" type="string" />
	   <field id="itemUriParameters" type="roArray" />
	   <field id="videoFormat" type="string" />
	   <field id="videoUri" type="string" />
	   <field id="videoTitle" type="string" />
	   <field id="isVideo" type="bool" />
	   <field id="start" type="bool" />
	</interface>
</component>
